<?xml version="1.0" encoding="UTF-8"?>
<instant>
  <Editor id="18" mixer-width="Wide" zoom-focus="ZoomFocusPlayhead" zoom="4096" snap-to="SnapToBeat" snap-mode="SnapNormal" internal-snap-to="SnapToBeatDiv2" internal-snap-mode="SnapNormal" pre-internal-snap-to="SnapToBeat" pre-internal-snap-mode="SnapNormal" edit-point="EditAtPlayhead" visible-track-count="-1" playhead="654656" left-frame="0" y-origin="179,000000" show-measures="yes" maximised="no" follow-playhead="no" stationary-playhead="no" region-list-sort-type="ByEndInFile" mouse-mode="MouseObject" join-object-range="no" show-editor-mixer="yes" show-editor-list="yes" editor-list-page="1" show-marker-lines="no" nudge-clock-value="240000">
    <geometry x-size="1198" y-size="835" x-pos="394" y-pos="0" edit-horizontal-pane-pos="1053" notebook-shrunk="1" edit-vertical-pane-pos="576"/>
    <Buttons>
      <Press/>
      <Release/>
    </Buttons>
    <Selection>
      <Region id="48422"/>
      <Marker id="23678" start="yes"/>
    </Selection>
    <RegionList sort-type="ByEndInFile" sort-ascending="yes" show-all="no" show-automatic-regions="yes"/>
  </Editor>
  <Mixer narrow-strips="no" show-mixer="no" maximised="no"/>
  <Meterbridge show-meterbridge="no">
    <geometry x-size="600" y-size="400" x-pos="1" y-pos="1"/>
  </Meterbridge>
</instant>
